Angle,Temp [K],Field [T],4mm Ic [A],Je [A/mm2]
0,4,3,1116.98,4363.2
0,5,3,1073.99,4195.28
0,6,3,1032.66,4033.82
0,7,3,992.92,3878.58
0,8,3,954.7,3729.31
0,9,3,917.96,3585.79
0,10,3,882.63,3447.78
0,11,3,848.66,3315.1
0,12,3,816,3187.51
0,13,3,784.6,3064.84
0,14,3,754.4,2946.89
0,15,3,725.37,2833.48
0,16,3,697.45,2724.43
0,17,3,670.61,2619.58
0,18,3,644.8,2518.76
0,19,3,619.99,2421.83
0,20,3,596.13,2328.62
0,21,3,573.19,2239.01
0,22,3,551.13,2152.84
0,23,3,529.92,2069.98
0,24,3,509.52,1990.32
0,25,3,489.91,1913.72
0,26,3,471.06,1840.07
0,27,3,452.93,1769.26
0,28,3,435.5,1701.17
0,29,3,418.74,1635.7
0,30,3,402.62,1572.74
0,31,3,387.13,1512.22
0,32,3,372.23,1454.02
0,33,3,357.9,1398.06
0,34,3,344.13,1344.26
0,35,3,330.89,1292.52
0,36,3,318.15,1242.78
0,37,3,305.91,1194.95
0,38,3,294.13,1148.96
0,39,3,282.81,1104.74
0,40,3,271.93,1062.23
0,41,3,261.46,1021.35
0,42,3,251.4,982.04
0,43,3,241.73,944.25
0,44,3,232.42,907.91
0,45,3,223.48,872.97
0,46,3,214.88,839.37
0,47,3,206.61,807.07
0,48,3,198.66,776.01
0,49,3,191.01,746.14
0,50,3,183.66,717.42
0,4,4,968.12,3781.72
0,5,4,930.71,3635.59
0,6,4,894.75,3495.12
0,7,4,860.18,3360.07
0,8,4,826.94,3230.24
0,9,4,794.99,3105.43
0,10,4,764.27,2985.44
0,11,4,734.74,2870.09
0,12,4,706.35,2759.19
0,13,4,679.06,2652.58
0,14,4,652.82,2550.08
0,15,4,627.6,2451.55
0,16,4,603.35,2356.83
0,17,4,580.03,2265.76
0,18,4,557.62,2178.22
0,19,4,536.08,2094.05
0,20,4,515.36,2013.14
0,21,4,495.45,1935.35
0,22,4,476.31,1860.57
0,23,4,457.9,1788.68
0,24,4,440.21,1719.57
0,25,4,423.2,1653.13
0,26,4,406.85,1589.25
0,27,4,391.13,1527.85
0,28,4,376.02,1468.81
0,29,4,361.49,1412.06
0,30,4,347.52,1357.5
0,31,4,334.09,1305.05
0,32,4,321.18,1254.62
0,33,4,308.77,1206.14
0,34,4,296.84,1159.54
0,35,4,285.37,1114.74
0,36,4,274.35,1071.66
0,37,4,263.75,1030.26
0,38,4,253.55,990.45
0,39,4,243.76,952.18
0,40,4,234.34,915.39
0,41,4,225.28,880.02
0,42,4,216.58,846.02
0,43,4,208.21,813.33
0,44,4,200.17,781.9
0,45,4,192.43,751.69
0,46,4,185,722.64
0,47,4,177.85,694.72
0,48,4,170.98,667.88
0,49,4,164.37,642.07
0,50,4,158.02,617.26
0,4,5,864.45,3376.75
0,5,5,830.64,3244.68
0,6,5,798.15,3117.78
0,7,5,766.93,2995.84
0,8,5,736.94,2878.66
0,9,5,708.11,2766.07
0,10,5,680.42,2657.89
0,11,5,653.81,2553.93
0,12,5,628.23,2454.04
0,13,5,603.66,2358.06
0,14,5,580.05,2265.83
0,15,5,557.37,2177.21
0,16,5,535.57,2092.06
0,17,5,514.62,2010.23
0,18,5,494.49,1931.61
0,19,5,475.15,1856.06
0,20,5,456.57,1783.46
0,21,5,438.71,1713.71
0,22,5,421.55,1646.68
0,23,5,405.06,1582.28
0,24,5,389.22,1520.39
0,25,5,374,1460.93
0,26,5,359.37,1403.79
0,27,5,345.31,1348.88
0,28,5,331.81,1296.12
0,29,5,318.83,1245.43
0,30,5,306.36,1196.72
0,31,5,294.38,1149.91
0,32,5,282.86,1104.94
0,33,5,271.8,1061.72
0,34,5,261.17,1020.2
0,35,5,250.96,980.29
0,36,5,241.14,941.95
0,37,5,231.71,905.11
0,38,5,222.65,869.71
0,39,5,213.94,835.69
0,40,5,205.57,803.01
0,41,5,197.53,771.6
0,42,5,189.8,741.42
0,43,5,182.38,712.42
0,44,5,175.25,684.56
0,45,5,168.39,657.79
0,46,5,161.81,632.06
0,47,5,155.48,607.34
0,48,5,149.4,583.58
0,49,5,143.55,560.76
0,50,5,137.94,538.83
0,4,6,787.68,3076.89
0,5,6,756.37,2954.57
0,6,6,726.3,2837.11
0,7,6,697.43,2724.32
0,8,6,669.7,2616.02
0,9,6,643.08,2512.02
0,10,6,617.51,2412.16
0,11,6,592.96,2316.26
0,12,6,569.39,2224.18
0,13,6,546.75,2135.76
0,14,6,525.02,2050.85
0,15,6,504.15,1969.32
0,16,6,484.1,1891.03
0,17,6,464.86,1815.85
0,18,6,446.38,1743.66
0,19,6,428.63,1674.34
0,20,6,411.59,1607.78
0,21,6,395.23,1543.86
0,22,6,379.52,1482.49
0,23,6,364.43,1423.55
0,24,6,349.94,1366.96
0,25,6,336.03,1312.62
0,26,6,322.67,1260.43
0,27,6,309.84,1210.33
0,28,6,297.53,1162.21
0,29,6,285.7,1116.01
0,30,6,274.34,1071.64
0,31,6,263.43,1029.04
0,32,6,252.96,988.13
0,33,6,242.9,948.84
0,34,6,233.25,911.12
0,35,6,223.97,874.9
0,36,6,215.07,840.12
0,37,6,206.52,806.72
0,38,6,198.31,774.65
0,39,6,190.43,743.85
0,40,6,182.86,714.28
0,41,6,175.59,685.89
0,42,6,168.61,658.62
0,43,6,161.9,632.44
0,44,6,155.47,607.29
0,45,6,149.29,583.15
0,46,6,143.35,559.97
0,47,6,137.65,537.71
0,48,6,132.18,516.33
0,49,6,126.93,495.8
0,50,6,121.88,476.09
0,4,7,728.24,2844.68
0,5,7,698.76,2729.52
0,6,7,670.47,2619.01
0,7,7,643.32,2512.98
0,8,7,617.28,2411.24
0,9,7,592.29,2313.62
0,10,7,568.31,2219.95
0,11,7,545.3,2130.07
0,12,7,523.22,2043.84
0,13,7,502.04,1961.09
0,14,7,481.71,1881.69
0,15,7,462.21,1805.51
0,16,7,443.5,1732.41
0,17,7,425.54,1662.28
0,18,7,408.31,1594.98
0,19,7,391.78,1530.4
0,20,7,375.92,1468.45
0,21,7,360.7,1408.99
0,22,7,346.1,1351.95
0,23,7,332.09,1297.22
0,24,7,318.64,1244.7
0,25,7,305.74,1194.3
0,26,7,293.36,1145.95
0,27,7,281.49,1099.56
0,28,7,270.09,1055.04
0,29,7,259.16,1012.33
0,30,7,248.66,971.34
0,31,7,238.6,932.02
0,32,7,228.94,894.28
0,33,7,219.67,858.08
0,34,7,210.77,823.34
0,35,7,202.24,790.01
0,36,7,194.05,758.02
0,37,7,186.2,727.33
0,38,7,178.66,697.89
0,39,7,171.43,669.63
0,40,7,164.49,642.52
0,41,7,157.83,616.51
0,42,7,151.44,591.55
0,43,7,145.31,567.6
0,44,7,139.42,544.62
0,45,7,133.78,522.57
0,46,7,128.36,501.41
0,47,7,123.17,481.11
0,48,7,118.18,461.64
0,49,7,113.39,442.95
0,50,7,108.8,425.01
0,4,8,680.61,2658.64
0,5,8,652.53,2548.95
0,6,8,625.61,2443.79
0,7,8,599.8,2342.96
0,8,8,575.05,2246.3
0,9,8,551.33,2153.62
0,10,8,528.58,2064.76
0,11,8,506.77,1979.58
0,12,8,485.86,1897.9
0,13,8,465.82,1819.6
0,14,8,446.6,1744.53
0,15,8,428.17,1672.55
0,16,8,410.51,1603.54
0,17,8,393.57,1537.39
0,18,8,377.33,1473.96
0,19,8,361.76,1413.14
0,20,8,346.84,1354.84
0,21,8,332.53,1298.94
0,22,8,318.81,1245.35
0,23,8,305.66,1193.97
0,24,8,293.05,1144.71
0,25,8,280.96,1097.48
0,26,8,269.36,1052.2
0,27,8,258.25,1008.79
0,28,8,247.6,967.17
0,29,8,237.38,927.27
0,30,8,227.59,889.01
0,31,8,218.2,852.33
0,32,8,209.19,817.16
0,33,8,200.56,783.45
0,34,8,192.29,751.13
0,35,8,184.35,720.14
0,36,8,176.75,690.43
0,37,8,169.46,661.94
0,38,8,162.47,634.63
0,39,8,155.76,608.45
0,40,8,149.34,583.34
0,41,8,143.17,559.28
0,42,8,137.27,536.2
0,43,8,131.6,514.08
0,44,8,126.17,492.87
0,45,8,120.97,472.53
0,46,8,115.98,453.04
0,47,8,111.19,434.35
0,48,8,106.61,416.43
0,49,8,102.21,399.25
0,50,8,97.99,382.77
0,4,9,641.42,2505.55
0,5,9,614.45,2400.2
0,6,9,588.62,2299.29
0,7,9,563.87,2202.62
0,8,9,540.16,2110.01
0,9,9,517.45,2021.3
0,10,9,495.7,1936.31
0,11,9,474.86,1854.9
0,12,9,454.89,1776.92
0,13,9,435.76,1702.21
0,14,9,417.44,1630.64
0,15,9,399.89,1562.08
0,16,9,383.08,1496.4
0,17,9,366.97,1433.49
0,18,9,351.54,1373.22
0,19,9,336.76,1315.48
0,20,9,322.6,1260.18
0,21,9,309.04,1207.19
0,22,9,296.05,1156.44
0,23,9,283.6,1107.82
0,24,9,271.68,1061.24
0,25,9,260.25,1016.62
0,26,9,249.31,973.88
0,27,9,238.83,932.93
0,28,9,228.79,893.71
0,29,9,219.17,856.13
0,30,9,209.95,820.14
0,31,9,201.13,785.65
0,32,9,192.67,752.62
0,33,9,184.57,720.98
0,34,9,176.81,690.67
0,35,9,169.38,661.63
0,36,9,162.26,633.81
0,37,9,155.43,607.16
0,38,9,148.9,581.63
0,39,9,142.64,557.18
0,40,9,136.64,533.75
0,41,9,130.9,511.31
0,42,9,125.39,489.82
0,43,9,120.12,469.22
0,44,9,115.07,449.49
0,45,9,110.23,430.6
0,46,9,105.6,412.49
0,47,9,101.16,395.15
0,48,9,96.9,378.53
0,49,9,92.83,362.62
0,50,9,88.93,347.37
0,4,10,608.47,2376.84
0,5,10,582.41,2275.04
0,6,10,557.47,2177.61
0,7,10,533.59,2084.35
0,8,10,510.74,1995.08
0,9,10,488.87,1909.63
0,10,10,467.93,1827.85
0,11,10,447.89,1749.57
0,12,10,428.71,1674.64
0,13,10,410.35,1602.92
0,14,10,392.77,1534.27
0,15,10,375.95,1468.56
0,16,10,359.85,1405.66
0,17,10,344.44,1345.46
0,18,10,329.69,1287.84
0,19,10,315.57,1232.68
0,20,10,302.05,1179.89
0,21,10,289.12,1129.36
0,22,10,276.73,1080.99
0,23,10,264.88,1034.7
0,24,10,253.54,990.38
0,25,10,242.68,947.97
0,26,10,232.29,907.37
0,27,10,222.34,868.51
0,28,10,212.82,831.31
0,29,10,203.7,795.71
0,30,10,194.98,761.63
0,31,10,186.63,729.01
0,32,10,178.63,697.79
0,33,10,170.98,667.9
0,34,10,163.66,639.3
0,35,10,156.65,611.92
0,36,10,149.94,585.71
0,37,10,143.52,560.63
0,38,10,137.37,536.62
0,39,10,131.49,513.64
0,40,10,125.86,491.64
0,41,10,120.47,470.58
0,42,10,115.31,450.43
0,43,10,110.37,431.14
0,44,10,105.64,412.67
0,45,10,101.12,395
0,46,10,96.79,378.08
0,47,10,92.64,361.89
0,48,10,88.68,346.39
0,49,10,84.88,331.56
0,50,10,81.24,317.36
0,4,11,580.28,2266.71
0,5,11,554.98,2167.88
0,6,11,530.78,2073.37
0,7,11,507.64,1982.97
0,8,11,485.51,1896.52
0,9,11,464.34,1813.83
0,10,11,444.1,1734.75
0,11,11,424.73,1659.12
0,12,11,406.22,1586.78
0,13,11,388.51,1517.6
0,14,11,371.57,1451.44
0,15,11,355.37,1388.16
0,16,11,339.87,1327.63
0,17,11,325.06,1269.75
0,18,11,310.88,1214.39
0,19,11,297.33,1161.45
0,20,11,284.37,1110.81
0,21,11,271.97,1062.38
0,22,11,260.11,1016.06
0,23,11,248.77,971.76
0,24,11,237.93,929.4
0,25,11,227.55,888.88
0,26,11,217.63,850.12
0,27,11,208.14,813.06
0,28,11,199.07,777.61
0,29,11,190.39,743.71
0,30,11,182.09,711.28
0,31,11,174.15,680.27
0,32,11,166.56,650.61
0,33,11,159.3,622.25
0,34,11,152.35,595.12
0,35,11,145.71,569.17
0,36,11,139.36,544.36
0,37,11,133.28,520.62
0,38,11,127.47,497.93
0,39,11,121.91,476.22
0,40,11,116.6,455.45
0,41,11,111.51,435.6
0,42,11,106.65,416.61
0,43,11,102,398.44
0,44,11,97.55,381.07
0,45,11,93.3,364.46
0,46,11,89.23,348.57
0,47,11,85.34,333.37
0,48,11,81.62,318.84
0,49,11,78.06,304.93
0,50,11,74.66,291.64
0,4,12,555.8,2171.09
0,5,12,531.15,2074.8
0,6,12,507.59,1982.78
0,7,12,485.08,1894.84
0,8,12,463.57,1810.81
0,9,12,443.01,1730.5
0,10,12,423.36,1653.75
0,11,12,404.58,1580.4
0,12,12,386.64,1510.31
0,13,12,369.49,1443.33
0,14,12,353.1,1379.31
0,15,12,337.44,1318.14
0,16,12,322.48,1259.68
0,17,12,308.18,1203.81
0,18,12,294.51,1150.42
0,19,12,281.45,1099.4
0,20,12,268.96,1050.64
0,21,12,257.03,1004.04
0,22,12,245.63,959.51
0,23,12,234.74,916.96
0,24,12,224.33,876.29
0,25,12,214.38,837.42
0,26,12,204.87,800.28
0,27,12,195.79,764.79
0,28,12,187.1,730.87
0,29,12,178.8,698.46
0,30,12,170.87,667.48
0,31,12,163.3,637.88
0,32,12,156.05,609.59
0,33,12,149.13,582.55
0,34,12,142.52,556.71
0,35,12,136.2,532.02
0,36,12,130.16,508.43
0,37,12,124.38,485.88
0,38,12,118.87,464.33
0,39,12,113.6,443.73
0,40,12,108.56,424.05
0,41,12,103.74,405.25
0,42,12,99.14,387.27
0,43,12,94.75,370.1
0,44,12,90.54,353.68
0,45,12,86.53,338
0,46,12,82.69,323.01
0,47,12,79.02,308.68
0,48,12,75.52,294.99
0,49,12,72.17,281.91
0,50,12,68.97,269.41
0,4,13,534.29,2087.05
0,5,13,510.2,1992.96
0,6,13,487.2,1903.12
0,7,13,465.23,1817.32
0,8,13,444.26,1735.39
0,9,13,424.23,1657.16
0,10,13,405.11,1582.45
0,11,13,386.84,1511.11
0,12,13,369.41,1442.99
0,13,13,352.75,1377.94
0,14,13,336.85,1315.82
0,15,13,321.66,1256.5
0,16,13,307.16,1199.85
0,17,13,293.32,1145.76
0,18,13,280.09,1094.11
0,19,13,267.46,1044.78
0,20,13,255.41,997.68
0,21,13,243.89,952.71
0,22,13,232.9,909.76
0,23,13,222.4,868.74
0,24,13,212.37,829.58
0,25,13,202.8,792.18
0,26,13,193.66,756.47
0,27,13,184.93,722.37
0,28,13,176.59,689.8
0,29,13,168.63,658.7
0,30,13,161.03,629.01
0,31,13,153.77,600.65
0,32,13,146.83,573.57
0,33,13,140.21,547.71
0,34,13,133.89,523.02
0,35,13,127.86,499.44
0,36,13,122.09,476.93
0,37,13,116.59,455.43
0,38,13,111.33,434.9
0,39,13,106.31,415.29
0,40,13,101.52,396.57
0,41,13,96.94,378.69
0,42,13,92.57,361.62
0,43,13,88.4,345.32
0,44,13,84.42,329.75
0,45,13,80.61,314.88
0,46,13,76.98,300.69
0,47,13,73.51,287.13
0,48,13,70.19,274.19
0,49,13,67.03,261.83
0,50,13,64.01,250.02
0,4,14,515.18,2012.41
0,5,14,491.59,1920.26
0,6,14,469.08,1832.33
0,7,14,447.6,1748.43
0,8,14,427.1,1668.37
0,9,14,407.55,1591.98
0,10,14,388.89,1519.09
0,11,14,371.08,1449.53
0,12,14,354.09,1383.16
0,13,14,337.87,1319.82
0,14,14,322.4,1259.39
0,15,14,307.64,1201.72
0,16,14,293.55,1146.7
0,17,14,280.11,1094.19
0,18,14,267.29,1044.09
0,19,14,255.05,996.28
0,20,14,243.37,950.66
0,21,14,232.23,907.13
0,22,14,221.59,865.6
0,23,14,211.45,825.96
0,24,14,201.76,788.14
0,25,14,192.53,752.06
0,26,14,183.71,717.62
0,27,14,175.3,684.76
0,28,14,167.27,653.41
0,29,14,159.61,623.49
0,30,14,152.3,594.94
0,31,14,145.33,567.7
0,32,14,138.68,541.7
0,33,14,132.33,516.9
0,34,14,126.27,493.23
0,35,14,120.49,470.65
0,36,14,114.97,449.1
0,37,14,109.7,428.53
0,38,14,104.68,408.91
0,39,14,99.89,390.19
0,40,14,95.31,372.32
0,41,14,90.95,355.27
0,42,14,86.79,339.01
0,43,14,82.81,323.48
0,44,14,79.02,308.67
0,45,14,75.4,294.54
0,46,14,71.95,281.05
0,47,14,68.65,268.18
0,48,14,65.51,255.9
0,49,14,62.51,244.18
0,50,14,59.65,233
0,4,15,498.05,1945.5
0,5,15,474.9,1855.09
0,6,15,452.83,1768.88
0,7,15,431.79,1686.68
0,8,15,411.72,1608.3
0,9,15,392.59,1533.55
0,10,15,374.35,1462.29
0,11,15,356.95,1394.33
0,12,15,340.36,1329.54
0,13,15,324.54,1267.75
0,14,15,309.46,1208.83
0,15,15,295.08,1152.66
0,16,15,281.37,1099.09
0,17,15,268.29,1048.01
0,18,15,255.82,999.31
0,19,15,243.94,952.87
0,20,15,232.6,908.59
0,21,15,221.79,866.37
0,22,15,211.48,826.1
0,23,15,201.65,787.71
0,24,15,192.28,751.11
0,25,15,183.35,716.2
0,26,15,174.83,682.92
0,27,15,166.7,651.18
0,28,15,158.96,620.92
0,29,15,151.57,592.07
0,30,15,144.53,564.55
0,31,15,137.81,538.32
0,32,15,131.4,513.3
0,33,15,125.3,489.44
0,34,15,119.48,466.7
0,35,15,113.92,445.01
0,36,15,108.63,424.33
0,37,15,103.58,404.61
0,38,15,98.77,385.81
0,39,15,94.18,367.88
0,40,15,89.8,350.78
0,41,15,85.63,334.48
0,42,15,81.65,318.94
0,43,15,77.85,304.12
0,44,15,74.24,289.98
0,45,15,70.79,276.51
0,46,15,67.5,263.66
0,47,15,64.36,251.4
0,48,15,61.37,239.72
0,49,15,58.52,228.58
0,50,15,55.8,217.96
0,4,16,482.58,1885.07
0,5,16,459.83,1796.22
0,6,16,438.16,1711.57
0,7,16,417.51,1630.9
0,8,16,397.83,1554.03
0,9,16,379.08,1480.79
0,10,16,361.22,1411
0,11,16,344.19,1344.5
0,12,16,327.97,1281.13
0,13,16,312.51,1220.75
0,14,16,297.78,1163.22
0,15,16,283.75,1108.39
0,16,16,270.38,1056.15
0,17,16,257.63,1006.38
0,18,16,245.49,958.95
0,19,16,233.92,913.75
0,20,16,222.9,870.68
0,21,16,212.39,829.65
0,22,16,202.38,790.55
0,23,16,192.84,753.29
0,24,16,183.75,717.78
0,25,16,175.09,683.95
0,26,16,166.84,651.72
0,27,16,158.98,621
0,28,16,151.48,591.73
0,29,16,144.34,563.85
0,30,16,137.54,537.27
0,31,16,131.06,511.95
0,32,16,124.88,487.82
0,33,16,119,464.83
0,34,16,113.39,442.92
0,35,16,108.04,422.05
0,36,16,102.95,402.16
0,37,16,98.1,383.2
0,38,16,93.48,365.14
0,39,16,89.07,347.93
0,40,16,84.87,331.53
0,41,16,80.87,315.91
0,42,16,77.06,301.02
0,43,16,73.43,286.83
0,44,16,69.97,273.31
0,45,16,66.67,260.43
0,46,16,63.53,248.16
0,47,16,60.53,236.46
0,48,16,57.68,225.32
0,49,16,54.96,214.7
0,50,16,52.37,204.58
0,4,17,468.51,1830.1
0,5,17,446.13,1742.69
0,6,17,424.82,1659.45
0,7,17,404.53,1580.18
0,8,17,385.2,1504.7
0,9,17,366.8,1432.83
0,10,17,349.28,1364.39
0,11,17,332.6,1299.22
0,12,17,316.71,1237.16
0,13,17,301.59,1178.07
0,14,17,287.18,1121.8
0,15,17,273.46,1068.21
0,16,17,260.4,1017.19
0,17,17,247.96,968.6
0,18,17,236.12,922.34
0,19,17,224.84,878.28
0,20,17,214.1,836.33
0,21,17,203.87,796.38
0,22,17,194.14,758.34
0,23,17,184.86,722.12
0,24,17,176.03,687.62
0,25,17,167.62,654.78
0,26,17,159.62,623.5
0,27,17,151.99,593.72
0,28,17,144.73,565.36
0,29,17,137.82,538.36
0,30,17,131.24,512.64
0,31,17,124.97,488.16
0,32,17,119,464.84
0,33,17,113.31,442.63
0,34,17,107.9,421.49
0,35,17,102.75,401.36
0,36,17,97.84,382.19
0,37,17,93.17,363.93
0,38,17,88.72,346.55
0,39,17,84.48,330
0,40,17,80.44,314.23
0,41,17,76.6,299.22
0,42,17,72.94,284.93
0,43,17,69.46,271.32
0,44,17,66.14,258.36
0,45,17,62.98,246.02
0,46,17,59.97,234.27
0,47,17,57.11,223.08
0,48,17,54.38,212.42
0,49,17,51.78,202.28
0,50,17,49.31,192.61
0,4,18,455.63,1779.81
0,5,18,433.59,1693.71
0,6,18,412.61,1611.77
0,7,18,392.65,1533.8
0,8,18,373.66,1459.59
0,9,18,355.58,1388.98
0,10,18,338.38,1321.79
0,11,18,322.01,1257.84
0,12,18,306.43,1196.99
0,13,18,291.61,1139.08
0,14,18,277.5,1083.98
0,15,18,264.07,1031.54
0,16,18,251.3,981.63
0,17,18,239.14,934.14
0,18,18,227.57,888.95
0,19,18,216.56,845.95
0,20,18,206.09,805.02
0,21,18,196.12,766.08
0,22,18,186.63,729.02
0,23,18,177.6,693.75
0,24,18,169.01,660.19
0,25,18,160.83,628.25
0,26,18,153.05,597.85
0,27,18,145.65,568.93
0,28,18,138.6,541.41
0,29,18,131.9,515.22
0,30,18,125.51,490.29
0,31,18,119.44,466.57
0,32,18,113.66,444
0,33,18,108.17,422.52
0,34,18,102.93,402.08
0,35,18,97.95,382.63
0,36,18,93.21,364.12
0,37,18,88.7,346.5
0,38,18,84.41,329.74
0,39,18,80.33,313.79
0,40,18,76.44,298.61
0,41,18,72.75,284.16
0,42,18,69.23,270.41
0,43,18,65.88,257.33
0,44,18,62.69,244.88
0,45,18,59.66,233.04
0,46,18,56.77,221.76
0,47,18,54.02,211.03
0,48,18,51.41,200.82
0,49,18,48.92,191.11
0,50,18,46.56,181.86
0,4,19,443.79,1733.55
0,5,19,422.06,1648.66
0,6,19,401.39,1567.93
0,7,19,381.73,1491.15
0,8,19,363.04,1418.13
0,9,19,345.26,1348.69
0,10,19,328.36,1282.65
0,11,19,312.28,1219.84
0,12,19,296.99,1160.11
0,13,19,282.45,1103.3
0,14,19,268.61,1049.28
0,15,19,255.46,997.89
0,16,19,242.95,949.03
0,17,19,231.06,902.56
0,18,19,219.74,858.36
0,19,19,208.98,816.33
0,20,19,198.75,776.36
0,21,19,189.02,738.34
0,22,19,179.76,702.19
0,23,19,170.96,667.8
0,24,19,162.59,635.1
0,25,19,154.62,604
0,26,19,147.05,574.43
0,27,19,139.85,546.3
0,28,19,133,519.55
0,29,19,126.49,494.11
0,30,19,120.3,469.91
0,31,19,114.41,446.9
0,32,19,108.8,425.02
0,33,19,103.48,404.21
0,34,19,98.41,384.41
0,35,19,93.59,365.59
0,36,19,89.01,347.69
0,37,19,84.65,330.66
0,38,19,80.5,314.47
0,39,19,76.56,299.07
0,40,19,72.81,284.43
0,41,19,69.25,270.5
0,42,19,65.86,257.25
0,43,19,62.63,244.66
0,44,19,59.57,232.68
0,45,19,56.65,221.28
0,46,19,53.87,210.45
0,47,19,51.24,200.14
0,48,19,48.73,190.34
0,49,19,46.34,181.02
0,50,19,44.07,172.16
0,4,20,432.84,1690.78
0,5,20,411.4,1607.03
0,6,20,391.02,1527.42
0,7,20,371.65,1451.76
0,8,20,353.24,1379.85
0,9,20,335.74,1311.5
0,10,20,319.11,1246.53
0,11,20,303.3,1184.78
0,12,20,288.28,1126.09
0,13,20,274,1070.31
0,14,20,260.43,1017.29
0,15,20,247.53,966.9
0,16,20,235.27,919
0,17,20,223.61,873.48
0,18,20,212.53,830.21
0,19,20,202.01,789.09
0,20,20,192,750
0,21,20,182.49,712.85
0,22,20,173.45,677.54
0,23,20,164.86,643.97
0,24,20,156.69,612.08
0,25,20,148.93,581.76
0,26,20,141.55,552.94
0,27,20,134.54,525.55
0,28,20,127.88,499.51
0,29,20,121.54,474.77
0,30,20,115.52,451.25
0,31,20,109.8,428.9
0,32,20,104.36,407.65
0,33,20,99.19,387.46
0,34,20,94.28,368.27
0,35,20,89.61,350.03
0,36,20,85.17,332.69
0,37,20,80.95,316.21
0,38,20,76.94,300.54
0,39,20,73.13,285.66
0,40,20,69.51,271.51
0,41,20,66.06,258.06
0,42,20,62.79,245.27
0,43,20,59.68,233.12
0,44,20,56.72,221.58
0,45,20,53.91,210.6
0,46,20,51.24,200.17
0,47,20,48.7,190.25
0,48,20,46.29,180.83
0,49,20,44,171.87
0,50,20,41.82,163.36
0,4,21,422.68,1651.09
0,5,21,401.51,1568.39
0,6,21,381.4,1489.84
0,7,21,362.3,1415.23
0,8,21,344.15,1344.35
0,9,21,326.92,1277.02
0,10,21,310.54,1213.06
0,11,21,294.99,1152.31
0,12,21,280.22,1094.6
0,13,21,266.18,1039.77
0,14,21,252.85,987.7
0,15,21,240.19,938.23
0,16,21,228.16,891.24
0,17,21,216.73,846.61
0,18,21,205.88,804.2
0,19,21,195.57,763.93
0,20,21,185.77,725.67
0,21,21,176.47,689.32
0,22,21,167.63,654.8
0,23,21,159.23,622.01
0,24,21,151.26,590.85
0,25,21,143.68,561.26
0,26,21,136.49,533.15
0,27,21,129.65,506.45
0,28,21,123.16,481.08
0,29,21,116.99,456.99
0,30,21,111.13,434.1
0,31,21,105.56,412.36
0,32,21,100.28,391.71
0,33,21,95.26,372.09
0,34,21,90.48,353.46
0,35,21,85.95,335.75
0,36,21,81.65,318.94
0,37,21,77.56,302.96
0,38,21,73.67,287.79
0,39,21,69.98,273.38
0,40,21,66.48,259.69
0,41,21,63.15,246.68
0,42,21,59.99,234.32
0,43,21,56.98,222.59
0,44,21,54.13,211.44
0,45,21,51.42,200.85
0,46,21,48.84,190.79
0,47,21,46.4,181.24
0,48,21,44.07,172.16
0,49,21,41.87,163.54
0,50,21,39.77,155.35
0,4,22,413.21,1614.1
0,5,22,392.3,1532.41
0,6,22,372.44,1454.85
0,7,22,353.59,1381.22
0,8,22,335.7,1311.31
0,9,22,318.71,1244.94
0,10,22,302.58,1181.93
0,11,22,287.26,1122.11
0,12,22,272.72,1065.32
0,13,22,258.92,1011.4
0,14,22,245.82,960.22
0,15,22,233.37,911.62
0,16,22,221.56,865.48
0,17,22,210.35,821.68
0,18,22,199.7,780.09
0,19,22,189.6,740.61
0,20,22,180,703.12
0,21,22,170.89,667.54
0,22,22,162.24,633.75
0,23,22,154.03,601.68
0,24,22,146.23,571.23
0,25,22,138.83,542.31
0,26,22,131.81,514.87
0,27,22,125.14,488.81
0,28,22,118.8,464.07
0,29,22,112.79,440.58
0,30,22,107.08,418.28
0,31,22,101.66,397.11
0,32,22,96.52,377.01
0,33,22,91.63,357.93
0,34,22,86.99,339.82
0,35,22,82.59,322.62
0,36,22,78.41,306.29
0,37,22,74.44,290.79
0,38,22,70.67,276.07
0,39,22,67.1,262.1
0,40,22,63.7,248.83
0,41,22,60.48,236.24
0,42,22,57.42,224.28
0,43,22,54.51,212.93
0,44,22,51.75,202.16
0,45,22,49.13,191.92
0,46,22,46.65,182.21
0,47,22,44.28,172.99
0,48,22,42.04,164.23
0,49,22,39.92,155.92
0,50,22,37.9,148.03
0,4,23,404.35,1579.51
0,5,23,383.68,1498.76
0,6,23,364.07,1422.15
0,7,23,345.46,1349.44
0,8,23,327.8,1280.46
0,9,23,311.04,1215
0,10,23,295.14,1152.89
0,11,23,280.05,1093.95
0,12,23,265.73,1038.03
0,13,23,252.15,984.96
0,14,23,239.26,934.61
0,15,23,227.03,886.83
0,16,23,215.42,841.49
0,17,23,204.41,798.47
0,18,23,193.96,757.66
0,19,23,184.04,718.92
0,20,23,174.64,682.17
0,21,23,165.71,647.3
0,22,23,157.24,614.21
0,23,23,149.2,582.81
0,24,23,141.57,553.01
0,25,23,134.33,524.74
0,26,23,127.47,497.92
0,27,23,120.95,472.46
0,28,23,114.77,448.31
0,29,23,108.9,425.39
0,30,23,103.33,403.64
0,31,23,98.05,383.01
0,32,23,93.04,363.43
0,33,23,88.28,344.85
0,34,23,83.77,327.22
0,35,23,79.49,310.49
0,36,23,75.42,294.62
0,37,23,71.57,279.56
0,38,23,67.91,265.27
0,39,23,64.44,251.71
0,40,23,61.14,238.84
0,41,23,58.02,226.63
0,42,23,55.05,215.04
0,43,23,52.24,204.05
0,44,23,49.57,193.62
0,45,23,47.03,183.72
0,46,23,44.63,174.33
0,47,23,42.35,165.42
0,48,23,40.18,156.96
0,49,23,38.13,148.94
0,50,23,36.18,141.32
0,4,24,396.05,1547.07
0,5,24,375.61,1467.22
0,6,24,356.22,1391.49
0,7,24,337.84,1319.67
0,8,24,320.4,1251.56
0,9,24,303.86,1186.96
0,10,24,288.18,1125.7
0,11,24,273.3,1067.6
0,12,24,259.2,1012.49
0,13,24,245.82,960.23
0,14,24,233.13,910.67
0,15,24,221.1,863.67
0,16,24,209.69,819.09
0,17,24,198.87,776.82
0,18,24,188.6,736.72
0,19,24,178.87,698.7
0,20,24,169.63,662.64
0,21,24,160.88,628.43
0,22,24,152.58,596
0,23,24,144.7,565.24
0,24,24,137.23,536.06
0,25,24,130.15,508.4
0,26,24,123.43,482.16
0,27,24,117.06,457.27
0,28,24,111.02,433.67
0,29,24,105.29,411.29
0,30,24,99.85,390.06
0,31,24,94.7,369.93
0,32,24,89.81,350.83
0,33,24,85.18,332.72
0,34,24,80.78,315.55
0,35,24,76.61,299.26
0,36,24,72.66,283.82
0,37,24,68.91,269.17
0,38,24,65.35,255.28
0,39,24,61.98,242.1
0,40,24,58.78,229.61
0,41,24,55.75,217.75
0,42,24,52.87,206.52
0,43,24,50.14,195.86
0,44,24,47.55,185.75
0,45,24,45.1,176.16
0,46,24,42.77,167.07
0,47,24,40.56,158.45
0,48,24,38.47,150.27
0,49,24,36.48,142.51
0,50,24,34.6,135.16
0,4,25,388.24,1516.55
0,5,25,368.01,1437.55
0,6,25,348.84,1362.67
0,7,25,330.67,1291.69
0,8,25,313.45,1224.41
0,9,25,297.12,1160.63
0,10,25,281.64,1100.17
0,11,25,266.97,1042.87
0,12,25,253.07,988.55
0,13,25,239.89,937.05
0,14,25,227.39,888.24
0,15,25,215.55,841.98
0,16,25,204.32,798.12
0,17,25,193.68,756.55
0,18,25,183.59,717.14
0,19,25,174.02,679.78
0,20,25,164.96,644.37
0,21,25,156.37,610.81
0,22,25,148.22,578.99
0,23,25,140.5,548.83
0,24,25,133.18,520.25
0,25,25,126.25,493.15
0,26,25,119.67,467.46
0,27,25,113.44,443.11
0,28,25,107.53,420.03
0,29,25,101.93,398.15
0,30,25,96.62,377.41
0,31,25,91.58,357.75
0,32,25,86.81,339.12
0,33,25,82.29,321.45
0,34,25,78.01,304.71
0,35,25,73.94,288.84
0,36,25,70.09,273.79
0,37,25,66.44,259.53
0,38,25,62.98,246.01
0,39,25,59.7,233.2
0,40,25,56.59,221.05
0,41,25,53.64,209.54
0,42,25,50.85,198.62
0,43,25,48.2,188.28
0,44,25,45.69,178.47
0,45,25,43.31,169.17
0,46,25,41.05,160.36
0,47,25,38.91,152.01
0,48,25,36.89,144.09
0,49,25,34.97,136.58
0,50,25,33.14,129.47
